id,filename,count
1,SKILL.md,1426
2,README.md,516
3,implementation.md,303
4,examples.md,291
5,errors.md,290
6,implementation-guide.md,282
7,directory-structure.md,29
8,settings.yaml,27
9,PRD.md,22
10,ARD.md,22
11,formatters.py,21
12,case-studies.md,15
13,best-practices.md,12
14,formatters.cpython-312.pyc,12
15,generate_report.py,10
16,SKILL.full.md,7
17,report_template.md,6
18,example_dataset.csv,6
19,troubleshooting.md,5
20,report_template.html,5
21,configuration_template.yaml,4
22,how-it-works.md,4
23,config_template.yaml,4
24,team-configuration.md,4
25,example_data.csv,3
26,validate_config.py,3
27,applications.md,3
28,risk_assessor.py,3
29,advanced-patterns.md,3
30,generate_config.py,3
31,SKILL.md.tmp,3
32,init-terraform.sh,3
33,advanced-techniques.md,3
34,code-patterns.md,3
35,sso-integration.md,3
36,pipeline_template.yaml,2
37,config_template.json,2
38,validate_data.py,2
39,data_analyzer.py,2
40,workflow-examples.md,2
41,workflow.md,2
42,security-checklist.md,2
43,requirements.txt,2
44,generate_model.py,2
45,triggers.md,2
46,metrics.md,2
47,price_fetcher.py,2
48,profit_calculator.py,2
49,tx_decoder.py,2
50,protocol_adapters.py,2
51,BTC_USD_1d.csv,2
52,scanner.py,2
53,risk_assessor.cpython-312.pyc,2
54,metrics_calculator.py,2
55,failover.sh,2
56,typography.md,2
57,compliance_report_template.md,2
58,example_config.yaml,2
59,release-workflow.md,2
60,analyze_results.py,2
61,setup_environment.sh,2
62,security-best-practices.md,2
63,performance-optimization.md,2
64,configuration-pitfalls.md,2
65,available-models.md,2
66,model-comparison.md,2
67,migration-scripts.md,2
68,environment-setup.md,2
69,budget-management.md,2
70,kubernetes-deployment.md,2
71,log-analysis.md,2
72,caching-strategies.md,2
73,cost-optimization.md,2
74,evidence-collection-framework.md,2
75,systematic-isolation.md,2
76,timing-analysis.md,2
77,variant-b-service-layer-(moderate).md,2
78,variant-c-microservice-(complex).md,2
79,variant-a-monolith-(simple).md,2
80,cost-estimation.md,2
81,cost-reduction-strategies.md,2
82,google-cloud-run.md,2
83,vercel-deployment.md,2
84,role-implementation.md,2
85,immediate-actions-by-error-type.md,2
86,scaling-patterns.md,2
87,load-testing-with-k6.md,2
88,capacity-planning.md,2
89,implementation-plan.md,2
90,pre-migration-assessment.md,2
91,configuration-structure.md,2
92,metrics-collection.md,2
93,alert-configuration.md,2
94,caching-strategy.md,2
95,eslint-rules.md,2
96,project-structure.md,2
97,key-components.md,2
98,circuit-breaker.md,2
99,dead-letter-queue.md,2
100,idempotency-keys.md,2
101,event-handler-pattern.md,2
102,signature-verification.md,2
103,critical-findings.md,2
104,example_model.pkl,1
105,validate_dataset.py,1
106,validate_model.py,1
107,agent_template.ts,1
108,example_coordinator.ts,1
109,example_workflow.json,1
110,dependency_installer.sh,1
111,agent_setup.sh,1
112,env_setup.sh,1
113,evaluation_report_template.html,1
114,pipeline_deployment.py,1
115,model_config_template.json,1
116,clustering_visualization.ipynb,1
117,image_analyzer.py,1
118,transform_data.py,1
119,pipeline.py,1
120,handle_errors.py,1
121,split_data_config.yaml,1
122,dataset_schema.json,1
123,optimization_config.json,1
124,analyze_model.py,1
125,feature_engineering_template.ipynb,1
126,feature_importance_analyzer.py,1
127,visualization_template.html,1
128,hyperparameter_space_template.json,1
129,deploy-agent.sh,1
130,test-a2a-protocol.py,1
131,setup-project.sh,1
132,example-interactions.md,1
133,code-example-categories.md,1
134,best-practices-applied.md,1
135,create-example.sh,1
136,production-best-practices-applied.md,1
137,init-genkit.sh,1
138,inspection-categories.md,1
139,inspection-workflow.md,1
140,example-inspection-report.md,1
141,inspect-agent.sh,1
142,check-security.py,1
143,monitoring-checklist.md,1
144,performance-compliance-checklist.md,1
145,validate-production.sh,1
146,evaluation_report_template.md,1
147,visualization_script.py,1
148,explanation_template.html,1
149,visualization_styles.css,1
150,example_explanation.json,1
151,versioning_diagram.png,1
152,model_card_template.md,1
153,example_mlflow_workflow.yaml,1
154,version_control.sh,1
155,example_text_inputs.json,1
156,analysis_report_template.md,1
157,error_handling_examples.md,1
158,analyze_text.py,1
159,skill-workflow.md,1
160,model_visualization_template.py,1
161,evaluate_model.py,1
162,sentiment_analysis_report_template.md,1
163,analyze_sentiment.py,1
164,visualization_template.py,1
165,configuration_template.json,1
166,model_architecture.png,1
167,data_preprocessing_example.py,1
168,example_config.json,1
169,generate-contract.sh,1
170,validate-schema.sh,1
171,weekly-template.md,1
172,release-template.md,1
173,default-changelog.md,1
174,quality_score.py,1
175,render_template.py,1
176,dcf-formulas.md,1
177,REFERENCE.md,1
178,lbo-formulas.md,1
179,pivot-formulas.md,1
180,variance-formulas.md,1
181,value-innovation.md,1
182,blue-ocean-examples.md,1
183,errc-grid.md,1
184,strategy-canvas.md,1
185,sequence.md,1
186,non-customers.md,1
187,six-paths.md,1
188,stories-trojan-horse.md,1
189,practical-value.md,1
190,viral-content-patterns.md,1
191,public-visibility.md,1
192,word-of-mouth.md,1
193,social-currency.md,1
194,emotion.md,1
195,funnel-analysis.md,1
196,testing-methodology.md,1
197,PERSUASION.md,1
198,OBJECTIONS.md,1
199,RESEARCH.md,1
200,COPYWRITING.md,1
201,positioning.md,1
202,b2b-saas.md,1
203,beachhead-selection.md,1
204,whole-product.md,1
205,expansion.md,1
206,go-to-market.md,1
207,buyer-segments.md,1
208,type-i.md,1
209,autonomy.md,1
210,extrinsic-rewards.md,1
211,mastery.md,1
212,purpose.md,1
213,value-equation.md,1
214,scarcity-urgency.md,1
215,pricing-strategy.md,1
216,grand-slam-offers.md,1
217,naming-offers.md,1
218,guarantees.md,1
219,offer-creation-checklist.md,1
220,starving-crowd.md,1
221,bonuses-stacking.md,1
222,reciprocity.md,1
223,ethics.md,1
224,unity.md,1
225,authority.md,1
226,liking.md,1
227,copywriting.md,1
228,social-proof.md,1
229,scarcity.md,1
230,commitment-consistency.md,1
231,diagnostics.md,1
232,innovation-process.md,1
233,organizational-change.md,1
234,competitive-strategy.md,1
235,emotional.md,1
236,curse-of-knowledge.md,1
237,simple.md,1
238,concrete.md,1
239,stories.md,1
240,credible.md,1
241,unexpected.md,1
242,techniques.md,1
243,target-customers.md,1
244,value-mapping.md,1
245,team-exercise.md,1
246,competitive-alternatives.md,1
247,market-category.md,1
248,positioning-canvas.md,1
249,unique-attributes.md,1
250,capture-leads.md,1
251,lifetime-value.md,1
252,sales-conversion.md,1
253,target-market.md,1
254,advertising-media.md,1
255,customer-experience.md,1
256,one-page-plan-template.md,1
257,craft-message.md,1
258,referral-systems.md,1
259,nurture-leads.md,1
260,pipeline-math.md,1
261,qualification.md,1
262,team-building.md,1
263,cold-calling-2.md,1
264,lead-types.md,1
265,roles.md,1
266,technical-implementation.md,1
267,industry-examples.md,1
268,analytics-optimization.md,1
269,psychology.md,1
270,multi-channel-consistency.md,1
271,one-liners.md,1
272,email-sequences.md,1
273,brand-script.md,1
274,sales-conversations.md,1
275,website-wireframe.md,1
276,issues.md,1
277,people.md,1
278,process.md,1
279,rocks.md,1
280,level-10.md,1
281,data.md,1
282,vto.md,1
283,manage-memory.py,1
284,LICENSE,1
285,post-commit-reminder.sh,1
286,extract-session-learnings.sh,1
287,check-learnings.sh,1
288,capture-learning.sh,1
289,extract-tool-rejections.sh,1
290,plugin.json,1
291,hooks.json,1
292,skip-reflect.md,1
293,reflect.md,1
294,view-queue.md,1
295,creative-freedom.md,1
296,commands-(you-run-these).md,1
297,system-readiness-checklist.md,1
298,interaction-style.md,1
299,first-contact.md,1
300,init-firebase.sh,1
301,setup-firestore.sh,1
302,ui-test-report.md,1
303,typescript-interfaces.md,1
304,pagination.md,1
305,writing-endpoints.md,1
306,testing-configuration.md,1
307,sprint-phases.md,1
308,arb_finder.py,1
309,triangular_finder.py,1
310,opportunity_scanner.py,1
311,blockchain_explorer.py,1
312,token_resolver.py,1
313,chain_client.py,1
314,config_loader.py,1
315,tx_tracker.py,1
316,bridge_monitor.py,1
317,bridge_fetcher.py,1
318,protocol_adapters.cpython-312.pyc,1
319,config_loader.cpython-312.pyc,1
320,bridge_fetcher.cpython-312.pyc,1
321,tx_tracker.cpython-312.pyc,1
322,basis_calculator.py,1
323,funding_tracker.py,1
324,liquidation_monitor.py,1
325,options_analyzer.py,1
326,oi_analyzer.py,1
327,derivatives_tracker.py,1
328,feed_parser.py,1
329,news_aggregator.py,1
330,scorer.py,1
331,feed_fetcher.py,1
332,feed_fetcher.cpython-312.pyc,1
333,feed_parser.cpython-312.pyc,1
334,scorer.cpython-312.pyc,1
335,sources.yaml,1
336,portfolio_tracker.py,1
337,portfolio_loader.py,1
338,valuation_engine.py,1
339,valuation_engine.cpython-312.pyc,1
340,price_fetcher.cpython-312.pyc,1
341,portfolio_loader.cpython-312.pyc,1
342,indicators.py,1
343,signals.py,1
344,indicators.cpython-312.pyc,1
345,signals.cpython-312.pyc,1
346,exchange_formats.md,1
347,tax_engine.py,1
348,tax_calculator.py,1
349,cost_basis_engine.py,1
350,transaction_parser.py,1
351,report_generator.py,1
352,transaction_parser.cpython-312.pyc,1
353,report_generator.cpython-312.pyc,1
354,cost_basis_engine.cpython-312.pyc,1
355,tax_engine.cpython-312.pyc,1
356,yield_calculator.py,1
357,protocol_fetcher.py,1
358,yield_optimizer.py,1
359,yield_optimizer.cpython-312.pyc,1
360,protocol_fetcher.cpython-312.pyc,1
361,yield_calculator.cpython-312.pyc,1
362,split_calculator.py,1
363,quote_fetcher.py,1
364,mev_assessor.py,1
365,dex_router.py,1
366,route_optimizer.py,1
367,route_optimizer.cpython-312.pyc,1
368,mev_assessor.cpython-312.pyc,1
369,split_calculator.cpython-312.pyc,1
370,quote_fetcher.cpython-312.pyc,1
371,strategy_engine.py,1
372,flash_simulator.py,1
373,pattern_analyzer.py,1
374,gas_optimizer.py,1
375,gas_fetcher.py,1
376,cost_estimator.py,1
377,il_calculator.py,1
378,pool_metrics.py,1
379,pool_fetcher.py,1
380,pool_analyzer.py,1
381,pool_metrics.cpython-312.pyc,1
382,pool_fetcher.cpython-312.pyc,1
383,il_calculator.cpython-312.pyc,1
384,filters.py,1
385,analyzer.py,1
386,scorers.py,1
387,filters.cpython-312.pyc,1
388,scorers.cpython-312.pyc,1
389,analyzer.cpython-312.pyc,1
390,cache_manager.py,1
391,price_tracker.py,1
392,api_client.py,1
393,api_client.cpython-312.pyc,1
394,cache_manager.cpython-312.pyc,1
395,fear_greed.py,1
396,news_sentiment.py,1
397,market_momentum.py,1
398,sentiment_analyzer.py,1
399,news_sentiment.cpython-312.pyc,1
400,fear_greed.cpython-312.pyc,1
401,market_momentum.cpython-312.pyc,1
402,rpc_client.py,1
403,mev_detector.py,1
404,mempool_analyzer.py,1
405,gas_analyzer.py,1
406,rarity_calculator.py,1
407,metadata_fetcher.py,1
408,trait_parser.py,1
409,rarity_analyzer.py,1
410,onchain_analytics.py,1
411,data_fetcher.py,1
412,staking_optimizer.py,1
413,staking_fetcher.py,1
414,staking_fetcher.cpython-312.pyc,1
415,metrics_calculator.cpython-312.pyc,1
416,token_analyzer.py,1
417,event_monitor.py,1
418,launch_tracker.py,1
419,dex_sources.py,1
420,optimize.py,1
421,fetch_data.py,1
422,backtest.py,1
423,strategies.py,1
424,metrics.py,1
425,backtest.cpython-312.pyc,1
426,strategies.cpython-312.pyc,1
427,fetch_data.cpython-312.pyc,1
428,metrics.cpython-312.pyc,1
429,sma_crossover_BTC-USD_20260114_172025_trades.csv,1
430,rsi_reversal_BTC-USD_20260114_172106_trades.csv,1
431,rsi_reversal_BTC-USD_20260114_172106_summary.txt,1
432,optimization_sma_crossover_20260114_172629.txt,1
433,macd_BTC-USD_20260114_172116_summary.txt,1
434,macd_BTC-USD_20260114_172116_chart.png,1
435,sma_crossover_BTC-USD_20260114_172025_equity.csv,1
436,sma_crossover_BTC-USD_20260114_172025_chart.png,1
437,optimization_sma_crossover_20260114_172629.csv,1
438,macd_BTC-USD_20260114_172116_equity.csv,1
439,macd_BTC-USD_20260114_172116_trades.csv,1
440,rsi_reversal_BTC-USD_20260114_172106_equity.csv,1
441,rsi_reversal_BTC-USD_20260114_172106_chart.png,1
442,sma_crossover_BTC-USD_20260114_172025_summary.txt,1
443,.gitignore,1
444,CACHEDIR.TAG,1
445,lastfailed,1
446,nodeids,1
447,test_strategies.py,1
448,test_strategies.cpython-312-pytest-8.4.2.pyc,1
449,optimize-parameters.md,1
450,backtest-strategy.md,1
451,compare-strategies.md,1
452,walk-forward.md,1
453,tx_analyzer.py,1
454,risk_scorer.py,1
455,wallet_auditor.py,1
456,approval_scanner.py,1
457,wallet_auditor.cpython-312.pyc,1
458,approval_scanner.cpython-312.pyc,1
459,tx_analyzer.cpython-312.pyc,1
460,risk_scorer.cpython-312.pyc,1
461,whale_api.py,1
462,price_service.py,1
463,whale_monitor.py,1
464,wallet_labels.py,1
465,price_service.cpython-312.pyc,1
466,wallet_labels.cpython-312.pyc,1
467,whale_api.cpython-312.pyc,1
468,whale_monitor.cpython-312.pyc,1
469,configure_validation_rules.py,1
470,generate_validation_report.py,1
471,audit_log_analyzer.py,1
472,audit-archival.sh,1
473,audit_log_generator.py,1
474,audit_table_creator.sh,1
475,backup_best_practices.md,1
476,cron_syntax.md,1
477,postgresql_backup_restore.md,1
478,mongodb_backup_restore.md,1
479,sqlite_backup_restore.md,1
480,mysql_backup_restore.md,1
481,backup_script_generator.py,1
482,backup_validator.py,1
483,backup_scheduler.py,1
484,backup-monitoring.sh,1
485,restore_script_generator.py,1
486,redis_setup.sh,1
487,analyze_deadlocks.py,1
488,generate_migration_script.py,1
489,init_db_docs.py,1
490,erd_generator.py,1
491,analyze_indexes.py,1
492,pitr_restore.sh,1
493,test_recovery.sh,1
494,validate_backup.sh,1
495,setup_replication.sh,1
496,init_sharding.py,1
497,rollback_analyzer.py,1
498,validate_schema.py,1
499,generate_sample_data.py,1
500,migrate_schema.py,1
501,generate_schema.py,1
502,analyze_query.py,1
503,explain_query.sh,1
504,sqlserver_stored_procedure_best_practices.md,1
505,database_security_guidelines.md,1
506,mysql_stored_procedure_best_practices.md,1
507,stored_procedure_optimization_techniques.md,1
508,postgresql_stored_procedure_best_practices.md,1
509,database_connection_test.py,1
510,stored_procedure_deployer.py,1
511,stored_procedure_syntax_validator.py,1
512,constraints.md,1
513,human-error.md,1
514,affordances.md,1
515,mappings.md,1
516,two-gulfs.md,1
517,signifiers.md,1
518,seven-stages.md,1
519,feedback.md,1
520,conceptual-models.md,1
521,habit-testing.md,1
522,ethical-boundaries.md,1
523,product-applications.md,1
524,neuroscience-foundations.md,1
525,rewards.md,1
526,system-integration.md,1
527,app-icons.md,1
528,colors-depth.md,1
529,privacy-permissions.md,1
530,accessibility.md,1
531,widgets-extensions.md,1
532,gestures.md,1
533,components.md,1
534,keyboard-input.md,1
535,navigation.md,1
536,animation-microinteractions.md,1
537,accessibility-depth.md,1
538,data-visualization.md,1
539,theming-dark-mode.md,1
540,technical-stack.md,1
541,animation-patterns.md,1
542,layout-systems.md,1
543,krug-principles.md,1
544,audit-template.md,1
545,dark-patterns.md,1
546,heuristic-conflicts.md,1
547,nielsen-heuristics.md,1
548,cultural-ux.md,1
549,wcag-checklist.md,1
550,css-implementation.md,1
551,typeface-anatomy.md,1
552,responsive-typography.md,1
553,evaluating-typefaces.md,1
554,pairing-strategies.md,1
555,playbook_template.yml,1
556,validation_rules.yml,1
557,validate_playbook.py,1
558,secure_playbook.py,1
559,test_playbook.sh,1
560,example_hpa.yaml,1
561,example_aws_scaling_policy.json,1
562,cost_report_template.pdf,1
563,example_cost_report.csv,1
564,cost_report_template.csv,1
565,optimization_recommendation_template.json,1
566,generate_cost_report.py,1
567,example_infrastructure_config.yaml,1
568,compliance_rules.json,1
569,compliance_scan.sh,1
570,snyk_scan.sh,1
571,trivy_scan.sh,1
572,init_pipeline.sh,1
573,example_rollback_config.yml,1
574,rollback_template.yml,1
575,rollback_report_template.md,1
576,verify_deployment.sh,1
577,rollback_deployment.sh,1
578,get_previous_version.sh,1
579,compose_template.yml,1
580,example_app_architectures.md,1
581,generate_env_file.py,1
582,validate_compose.sh,1
583,deploy.sh,1
584,generate_env_file.cpython-312.pyc,1
585,example_diff.txt,1
586,commit_template.txt,1
587,commit_analyzer.py,1
588,values_schema.json,1
589,helm_create.py,1
590,iac_config_schema.json,1
591,iac_generate.py,1
592,drift-check.sh,1
593,validate-workflow.sh,1
594,setup-wif.sh,1
595,security_best_practices.md,1
596,kubernetes_deployment_best_practices.md,1
597,troubleshooting_guide.md,1
598,kubernetes_api_reference.md,1
599,secret_template.yaml,1
600,ingress_template.yaml,1
601,deployment_template.yaml,1
602,hpa_template.yaml,1
603,statefulset_template.yaml,1
604,configmap_template.yaml,1
605,pdb_template.yaml,1
606,networkpolicy_template.yaml,1
607,service_template.yaml,1
608,delete_manifest.sh,1
609,get_resource_status.sh,1
610,apply_manifest.sh,1
611,validate_manifest.sh,1
612,haproxy_template.conf,1
613,nginx_template.conf,1
614,dashboard_splunk.json,1
615,dashboard_loki.json,1
616,splunk_config_template.conf,1
617,loki_config_template.yaml,1
618,example_log_data.json,1
619,dashboard_elk.json,1
620,setup_loki.sh,1
621,setup_splunk.sh,1
622,setup_elk.sh,1
623,datadog_agent_config_template.yml,1
624,grafana_dashboard_template.json,1
625,prometheus_config_template.yml,1
626,deploy_grafana.sh,1
627,deploy_prometheus.sh,1
628,deploy_datadog_agent.sh,1
629,network_policy_template.yaml,1
630,generate_network_policy.py,1
631,vault_config_template.hcl,1
632,example_secrets.yaml,1
633,aws_iam_policy_template.json,1
634,aws_secrets_manager_setup.sh,1
635,linkerd_config_template.yaml,1
636,istio_config_template.yaml,1
637,example_microservices_architecture.md,1
638,error_handling_strategies.md,1
639,deploy_config.sh,1
640,rollback_config.sh,1
641,generate_test_traffic.py,1
642,validation_rules.json,1
643,audit-categories.md,1
644,audit-process.md,1
645,audit-report-format.md,1
646,plugin-creation-process.md,1
647,file-templates.md,1
648,validation-checks.md,1
649,validation-report-format.md,1
650,validate_plugin_nixtla.py,1
651,version-bump-process.md,1
652,update-locations.md,1
653,example-workflows.md,1
654,skill_adaptation_template.py,1
655,plugin_selection_rules.yaml,1
656,example_plugin_analysis.json,1
657,plugin_analyzer.py,1
658,example_code_secure.py,1
659,example_code_vulnerable.py,1
660,code_analyzer.py,1
661,optimization_report_template.md,1
662,example_prompts.md,1
663,prompt_template.json,1
664,example_code_diff.txt,1
665,commit_message_template.txt,1
666,validate_commit_message.py,1
667,generate_commit_message.py,1
668,suggest_commit_type.py,1
669,threat_model_template.md,1
670,security_scan_report_template.md,1
671,security_scan.sh,1
672,validate_thresholds.py,1
673,generate_runbook.py,1
674,route_alert.py,1
675,create_grafana_dashboard.py,1
676,create_datadog_dashboard.py,1
677,analyze_cpu.sh,1
678,analyze_memory.sh,1
679,analyze_db.sh,1
680,analyze_io.sh,1
681,analyze_capacity.py,1
682,example_usage.sh,1
683,cpu_analyzer.py,1
684,setup_jaeger.sh,1
685,generate_error_report.py,1
686,analyze_errors.py,1
687,aggregate_logs.sh,1
688,analyze_log_file.py,1
689,analyze_memory.py,1
690,analyze_request_patterns.py,1
691,report_violation.py,1
692,create_budget.py,1
693,validate_budget.py,1
694,create_github_comment.py,1
695,analyze_metrics.py,1
696,setup_rum.py,1
697,analyze_response_times.py,1
698,generate_sla_report.py,1
699,setup_monitor.py,1
700,identify_bottlenecks.sh,1
701,analyze_throughput.py,1
702,example-use-cases.md,1
703,core-capabilities.md,1
704,check-agents-md.sh,1
705,sync-pattern.md,1
706,operations-guide.md,1
707,error-handling.md,1
708,output-format.md,1
709,memory-share.sh,1
710,git-concepts-glossary.md,1
711,skill-assessment-guide.md,1
712,error-recovery-playbook.md,1
713,learning-curriculum.md,1
714,safety-rules.md,1
715,claude-github-platforms.md,1
716,github-review-apps.md,1
717,recruiting.md,1
718,wednesday.md,1
719,monday.md,1
720,facilitation.md,1
721,remote-sprints.md,1
722,thursday.md,1
723,tuesday.md,1
724,friday.md,1
725,growth-engines.md,1
726,assumptions.md,1
727,innovation-accounting.md,1
728,small-batches.md,1
729,build-measure-learn.md,1
730,five-whys.md,1
731,pivots.md,1
732,mvp-design.md,1
733,complex-refactoring.md,1
734,composer-strategies.md,1
735,quality-control.md,1
736,multi-file-orchestration.md,1
737,effective-chat-patterns.md,1
738,team-key-management.md,1
739,supported-providers.md,1
740,configuration-methods.md,1
741,cost-management.md,1
742,optimization-for-large-projects.md,1
743,using-the-index.md,1
744,maintaining-the-index.md,1
745,configuration.md,1
746,index-settings.md,1
747,performance-errors.md,1
748,indexing-errors.md,1
749,completion-errors.md,1
750,remediation.md,1
751,security-audit-checklist.md,1
752,audit-procedures.md,1
753,audit-tools.md,1
754,compliance-by-framework.md,1
755,advanced-composer-techniques.md,1
756,composer-workflow-patterns.md,1
757,common-use-cases.md,1
758,managing-large-codebases.md,1
759,context-optimization-strategies.md,1
760,conversation-context.md,1
761,prompt-engineering-fundamentals.md,1
762,domain-specific-prompts.md,1
763,.cursorrules-integration.md,1
764,prompt-templates.md,1
765,debugging-chat-issues.md,1
766,debugging-completions.md,1
767,managing-conflicts.md,1
768,recommended-configurations.md,1
769,essential-extensions.md,1
770,installing-extensions.md,1
771,git-hooks-integration.md,1
772,advanced-git-operations.md,1
773,ai-powered-git-workflows.md,1
774,viewing-history.md,1
775,git-commands-via-terminal.md,1
776,quick-start-(5-minutes).md,1
777,common-indexing-issues.md,1
778,index-verification.md,1
779,.cursorignore-configuration.md,1
780,customizing-keybindings.md,1
781,standard-editor-shortcuts.md,1
782,security-pitfalls.md,1
783,recovery-strategies.md,1
784,completion-pitfalls.md,1
785,ai-feature-pitfalls.md,1
786,team-pitfalls.md,1
787,workflow-pitfalls.md,1
788,performance-pitfalls.md,1
789,optimal-development-workflow.md,1
790,model-selection-by-task.md,1
791,monorepo-patterns.md,1
792,multi-root-workspace.md,1
793,indexing-strategy.md,1
794,indexing-optimization.md,1
795,performance-diagnostics.md,1
796,system-resource-management.md,1
797,editor-optimization.md,1
798,ai-feature-optimization.md,1
799,large-project-strategies.md,1
800,extension-optimization.md,1
801,data-handling.md,1
802,network-security.md,1
803,sensitive-file-exclusion.md,1
804,privacy-mode.md,1
805,local-data-storage.md,1
806,project-configuration.md,1
807,configuration-file-architecture.md,1
808,monorepo-architecture.md,1
809,workflow-architecture.md,1
810,project-structure-patterns.md,1
811,advanced-configuration.md,1
812,basic-configuration.md,1
813,framework-specific-templates.md,1
814,tips-for-effective-rules.md,1
815,user-provisioning.md,1
816,rollout-strategy.md,1
817,testing-sso.md,1
818,saml-2.0-configuration.md,1
819,completion-patterns.md,1
820,team-plans-overview.md,1
821,team-workflows.md,1
822,member-management.md,1
823,vs-code-to-cursor-migration.md,1
824,migration-between-machines.md,1
825,troubleshooting-upgrades.md,1
826,pre-upgrade-checklist.md,1
827,upgrade-methods.md,1
828,custom-reports.md,1
829,analytics-overview.md,1
830,optimization-insights.md,1
831,analytics-api.md,1
832,key-metrics.md,1
833,dashboard-views.md,1
834,benchmarking.md,1
835,streaming-implementation.md,1
836,extended-examples.md,1
837,test-setup.md,1
838,oauth-flow.md,1
839,detailed-errors.md,1
840,pricing-details.md,1
841,collection-scripts.md,1
842,integration-guides.md,1
843,workspace-configs.md,1
844,security-controls.md,1
845,migration-procedures.md,1
846,redis-queue-integration.md,1
847,workflow-implementation.md,1
848,workflow-state-machine.md,1
849,audit-event-types.md,1
850,audit-wrapped-client.md,1
851,audit-logger-implementation.md,1
852,csv-batch-input.md,1
853,batch-processor-class.md,1
854,batch-with-retry-logic.md,1
855,camera-control-implementation.md,1
856,cinematic-presets.md,1
857,shot-sequence-generator.md,1
858,gitlab-ci-configuration.md,1
859,batch-generation-from-file.md,1
860,github-actions-workflow.md,1
861,video-generation-script.md,1
862,error-codes.md,1
863,compliance-report-template.md,1
864,compliance-checker.md,1
865,policy-violation-logger.md,1
866,content-filter-implementation.md,1
867,content-moderation-service.md,1
868,cost-tracker-class.md,1
869,budget-enforcing-wrapper.md,1
870,performance-metrics.md,1
871,request-tracing.md,1
872,debug-utilities.md,1
873,logging-setup.md,1
874,minimal-python-example.md,1
875,curl-example.md,1
876,minimal-typescript-example.md,1
877,motion-control-options.md,1
878,image-to-video-generation.md,1
879,batch-image-processing.md,1
880,batch-job-monitoring.md,1
881,dashboard-view.md,1
882,polling-monitor.md,1
883,job-tracker-class.md,1
884,common-pitfalls.md,1
885,model-selection-logic.md,1
886,generation-types.md,1
887,performance-profiler.md,1
888,caching-layer.md,1
889,optimization-strategies.md,1
890,pricing-structure.md,1
891,cost-optimization-strategies.md,1
892,production-checklist.md,1
893,automated-checklist-validator.md,1
894,concurrent-job-manager.md,1
895,exponential-backoff.md,1
896,token-bucket-rate-limiter.md,1
897,request-queue.md,1
898,architecture-patterns.md,1
899,docker-compose-setup.md,1
900,complete-reference-implementation.md,1
901,python-client-pattern.md,1
902,error-handling-pattern.md,1
903,typescript-client-pattern.md,1
904,azure-blob-storage-integration.md,1
905,unified-storage-interface.md,1
906,aws-s3-integration.md,1
907,google-cloud-storage-integration.md,1
908,brand-style-consistency.md,1
909,style-reference-from-image.md,1
910,style-transfer-implementation.md,1
911,example-team-config.md,1
912,api-key-wrapper-with-team-context.md,1
913,advanced-parameters.md,1
914,batch-generation.md,1
915,prompt-engineering.md,1
916,basic-text-to-video.md,1
917,upgrade-procedure.md,1
918,breaking-changes-by-version.md,1
919,analytics-engine.md,1
920,export-to-csv.md,1
921,report-generator.md,1
922,video-concatenation.md,1
923,video-extension-implementation.md,1
924,seamless-loop-creation.md,1
925,log-retention-&-archival.md,1
926,structured-logging.md,1
927,compliance-features.md,1
928,comprehensive-audit-logger.md,1
929,semantic-caching.md,1
930,cache-invalidation.md,1
931,in-memory-caching.md,1
932,redis-caching.md,1
933,cost-savings-analysis.md,1
934,rate-limit-errors-(429).md,1
935,request-errors.md,1
936,model-errors-(400).md,1
937,authentication-errors-(401).md,1
938,openrouter-integration-security-questionnaire.md,1
939,data-flow-documentation.md,1
940,vendor-assessment.md,1
941,security-assessment.md,1
942,compliance-checklist.md,1
943,token-estimation.md,1
944,response-length-control.md,1
945,context-recycling.md,1
946,prompt-optimization.md,1
947,model-specific-optimization.md,1
948,context-truncation.md,1
949,efficient-message-patterns.md,1
950,automatic-cost-controls.md,1
951,budget-alerts.md,1
952,request-level-controls.md,1
953,cost-dashboard.md,1
954,budget-tracking.md,1
955,data-minimization.md,1
956,audit-trail.md,1
957,compliance-considerations.md,1
958,data-retention-controls.md,1
959,pii-protection.md,1
960,openrouter-data-handling.md,1
961,debug-information-gathering.md,1
962,request-logging.md,1
963,response-analysis.md,1
964,fallback-health-tracking.md,1
965,error-specific-fallback-logic.md,1
966,provider-based-fallback.md,1
967,task-specific-fallbacks.md,1
968,basic-fallback-pattern.md,1
969,configuration-examples.md,1
970,smart-fallback-configuration.md,1
971,parallel-tool-calls.md,1
972,basic-function-calling.md,1
973,streaming-with-tools.md,1
974,tool-router.md,1
975,model-compatibility.md,1
976,advanced-tool-definitions.md,1
977,forced-tool-use.md,1
978,python-example.md,1
979,try-different-models.md,1
980,typescript-example.md,1
981,your-first-request.md,1
982,provider-differences.md,1
983,model-name-mistakes.md,1
984,authentication-issues.md,1
985,rate-limiting-mistakes.md,1
986,request-format-errors.md,1
987,cost-surprises.md,1
988,error-handling-gaps.md,1
989,concurrent-request-distribution.md,1
990,multi-key-load-balancing.md,1
991,model-based-load-balancing.md,1
992,credit-aware-load-balancing.md,1
993,health-based-routing.md,1
994,monitoring-load-distribution.md,1
995,status-dashboard.md,1
996,checking-model-status.md,1
997,model-health-monitoring.md,1
998,handling-model-unavailability.md,1
999,model-selection-criteria.md,1
1000,model-categories.md,1
1001,model-information-api.md,1
1002,cost-quality-optimization.md,1
1003,cascading-router.md,1
1004,intelligent-model-selection.md,1
1005,context-aware-routing.md,1
1006,multi-provider-router.md,1
1007,provider-overview.md,1
1008,provider-specific-features.md,1
1009,provider-health-monitoring.md,1
1010,cost-optimization-across-providers.md,1
1011,provider-fallback-chain.md,1
1012,drop-in-replacement.md,1
1013,switching-between-providers.md,1
1014,feature-compatibility.md,1
1015,request-optimization.md,1
1016,model-selection-for-speed.md,1
1017,best-practices-summary.md,1
1018,configuration-tuning.md,1
1019,batch-processing.md,1
1020,monitoring-&-profiling.md,1
1021,latency-optimization.md,1
1022,credit-system.md,1
1023,monitoring-costs.md,1
1024,cost-comparison-tool.md,1
1025,model-pricing-tiers.md,1
1026,launch-verification.md,1
1027,pre-launch-checklist.md,1
1028,scaling-considerations.md,1
1029,monitoring-setup.md,1
1030,production-configuration.md,1
1031,batch-processing-with-rate-limits.md,1
1032,retry-strategies.md,1
1033,rate-limiter-implementation.md,1
1034,monitoring-stack.md,1
1035,microservice-architecture.md,1
1036,client-layer-implementation.md,1
1037,cost-aware-routing.md,1
1038,basic-routing-strategies.md,1
1039,latency-aware-routing.md,1
1040,rule-based-router.md,1
1041,python-with-openai-sdk.md,1
1042,error-handling-in-streams.md,1
1043,web-framework-integration.md,1
1044,basic-streaming.md,1
1045,stream-processing.md,1
1046,frontend-integration.md,1
1047,async-streaming.md,1
1048,shared-services-setup.md,1
1049,tracking-by-user.md,1
1050,access-control.md,1
1051,api-key-strategy-for-teams.md,1
1052,code-pattern-updates.md,1
1053,migration-from-direct-api-to-sdk.md,1
1054,testing-during-migration.md,1
1055,configuration-migration.md,1
1056,model-migration.md,1
1057,custom-analytics-implementation.md,1
1058,dashboard-export.md,1
1059,performance-analytics.md,1
1060,debug-techniques.md,1
1061,architecture-code.md,1
1062,ci-configs.md,1
1063,data-patterns.md,1
1064,deployment-configs.md,1
1065,rbac-config.md,1
1066,response-procedures.md,1
1067,anti-patterns.md,1
1068,load-testing-examples.md,1
1069,dev-setup.md,1
1070,migration-implementation.md,1
1071,environment-configs.md,1
1072,monitoring-configs.md,1
1073,optimization-patterns.md,1
1074,policy-code.md,1
1075,deployment-steps.md,1
1076,rate-limit-code.md,1
1077,architecture-examples.md,1
1078,resilience-code.md,1
1079,security-patterns.md,1
1080,upgrade-guide.md,1
1081,webhook-handlers.md,1
1082,performance-data-missing.md,1
1083,events-not-appearing.md,1
1084,sdk-conflicts.md,1
1085,breadcrumbs-issues.md,1
1086,source-maps-not-working.md,1
1087,diagnostic-script.md,1
1088,serverless-architecture.md,1
1089,event-driven-architecture.md,1
1090,monolith-architecture.md,1
1091,multi-tenant-architecture.md,1
1092,hybrid-architecture.md,1
1093,microservices-architecture.md,1
1094,github-actions.md,1
1095,gitlab-ci.md,1
1096,circleci.md,1
1097,common-issues-and-solutions.md,1
1098,reduce-transaction-volume.md,1
1099,optimize-what-you-send.md,1
1100,reduce-error-volume.md,1
1101,cost-effective-architecture.md,1
1102,gdpr-compliance.md,1
1103,server-side-data-scrubbing.md,1
1104,pii-scrubbing.md,1
1105,debug-script.md,1
1106,debug-information-checklist.md,1
1107,sentry-debug-bundle.md,1
1108,deployment-tracking.md,1
1109,api-token-management.md,1
1110,incident-severity-classification.md,1
1111,common-issue-patterns.md,1
1112,incident-communication-template.md,1
1113,sdk-initialization-pitfalls.md,1
1114,monitoring-pitfalls.md,1
1115,error-capture-pitfalls.md,1
1116,integration-pitfalls.md,1
1117,high-volume-sampling-strategies.md,1
1118,quota-management-at-scale.md,1
1119,resource-optimization.md,1
1120,buffering-and-batching.md,1
1121,migration-from-bugsnag.md,1
1122,migration-from-rollbar.md,1
1123,project-structure-options.md,1
1124,environment-configuration.md,1
1125,apm-tool-integration.md,1
1126,metrics-integration.md,1
1127,logging-integration.md,1
1128,sample-rate-optimization.md,1
1129,transaction-optimization.md,1
1130,reduce-sdk-overhead.md,1
1131,compliance-enforcement.md,1
1132,audit-and-compliance.md,1
1133,configuration-standards.md,1
1134,project-naming-standards.md,1
1135,alert-policies.md,1
1136,verification-steps.md,1
1137,pre-deployment-checklist.md,1
1138,production-configuration-template.md,1
1139,strategies-to-reduce-event-volume.md,1
1140,error-handling-architecture.md,1
1141,configuration-patterns.md,1
1142,alerting-architecture.md,1
1143,distributed-tracing-architecture.md,1
1144,timeout-handling.md,1
1145,network-failure-handling.md,1
1146,health-checks.md,1
1147,graceful-degradation.md,1
1148,circuit-breaker-pattern.md,1
1149,dual-write-pattern.md,1
1150,data-scrubbing.md,1
1151,secure-configuration.md,1
1152,testing-after-upgrade.md,1
1153,major-version-migrations.md,1
1154,setup-examples.md,1
1155,limiter-implementation.md,1
1156,access_control_audit.py,1
1157,jwt_analyzer.py,1
1158,authentication_check.py,1
1159,password_policy_check.py,1
1160,validate_cors.py,1
1161,generate_test_cases.py,1
1162,csrf_test.sh,1
1163,license_compliance_checker.py,1
1164,vulnerability_report_parser.py,1
1165,dependency_check.sh,1
1166,license_compliance_checker.cpython-312.pyc,1
1167,vulnerability_report_parser.cpython-312.pyc,1
1168,generate_key.py,1
1169,gdpr_scan.sh,1
1170,codeql_ruleset.qls,1
1171,example_code_with_vulnerabilities.zip,1
1172,semgrep_ruleset.yaml,1
1173,semgrep_scan.sh,1
1174,codeql_scan.sh,1
1175,owasp_scan.sh,1
1176,SECURITY_HEADERS.md,1
1177,OWASP_TOP_10.md,1
1178,REMEDIATION_PLAYBOOK.md,1
1179,dependency_auditor.py,1
1180,security_scanner.py,1
1181,setup_pentest_env.sh,1
1182,code_security_scanner.py,1
1183,dependency_auditor.cpython-312.pyc,1
1184,analyze_headers.py,1
1185,evidence_collector.sh,1
1186,readiness-by-trust-service-category.md,1
1187,generate_soc2_report.py,1
1188,sqli_payloads.json,1
1189,scan.sh,1
1190,workflows.md,1
1191,validation-rules.md,1
1192,output-patterns.md,1
1193,source-of-truth.md,1
1194,anthropic-comparison.md,1
1195,frontmatter-spec.md,1
1196,advanced-eval-workflow.md,1
1197,schemas.md,1
1198,analyzer.md,1
1199,comparator.md,1
1200,grader.md,1
1201,eval_review.html,1
1202,generate_review.py,1
1203,viewer.html,1
1204,skill-template.md,1
1205,package_skill.py,1
1206,run_loop.py,1
1207,quick_validate.py,1
1208,__init__.py,1
1209,utils.py,1
1210,improve_description.py,1
1211,aggregate_benchmark.py,1
1212,validate-skill.py,1
1213,run_eval.py,1
1214,__init__.cpython-312.pyc,1
1215,utils.cpython-312.pyc,1
1216,run_eval.cpython-312.pyc,1
1217,plugin-schema.md,1
1218,issue_template.md,1
1219,example_search_results.json,1
1220,example_scan_results.json,1
1221,generate_payloads.py,1
1222,test_suite_template.js,1
1223,example_openapi.yaml,1
1224,example_graphql_schema.graphql,1
1225,generate_test_suite.py,1
1226,cloud-providers.md,1
1227,ci-cd-integration.md,1
1228,device-matrix.md,1
1229,pact_contract_template.json,1
1230,openapi_example.yaml,1
1231,generate_pact_tests.py,1
1232,example_migration_script.sql,1
1233,database_schema_definition.json,1
1234,test_data_schema_template.json,1
1235,docker-compose.yml,1
1236,generate_test_data.py,1
1237,example_config.conf,1
1238,test_template.json,1
1239,mutation_report_template.md,1
1240,example_mutation_results.json,1
1241,mutation_analyzer.py,1
1242,example_test_configurations.json,1
1243,test_template.js,1
1244,run_test.sh,1
1245,init_test.py,1
1246,example_test_history.json,1
1247,test_report_template.md,1
1248,run_regression_tests.sh,1
1249,mark_test_as_regression.sh,1
1250,analyze_test_history.py,1
1251,nessus_scan_policy.xml,1
1252,nmap_scan_template.sh,1
1253,example_coverage_report.html,1
1254,analyze_coverage.py,1
1255,generate_data.py,1
1256,generate_doubles.py,1
1257,dependency_analyzer.py,1
1258,test_environment_diagram.png,1
1259,example_test_script.py,1
1260,docker-compose-template.yml,1
1261,teardown_environment.sh,1
1262,example_test_graph.json,1
1263,test_report_template.html,1
1264,sample_test_results.json,1
1265,analyze_trends.py,1
1266,example_percy_config.yml,1
1267,example_chromatic_config.yml,1
1268,html_report_template.html,1
1269,example_backstop_config.js,1
1270,analyze_diffs.py,1
1271,update_baselines.sh,1
1272,run_visual_tests.sh,1
